{
    "": 0.16038750000000002,
    "seeing": 0.0309875,
    "the": 0.039466666666666664,
    "helicopters": 0.0749625,
    "on": 0.011991666666666666,
    "morning": 0.032975,
    "of": 0.005991666666666667,
    "five": 0.0099875,
    "january": 0.055466666666666664,
    "they": 0.03149166666666667,
    "realized": 0.054474999999999996,
    "americans": 0.06346249999999999,
    "would": 0.012487500000000002,
    "not": 0.02099166666666667,
    "remain": 0.03698333333333334,
    "in": 0.011991666666666668,
    "city": 0.029983333333333334,
    "much": 0.0299875,
    "longer": 0.043979166666666666
}