{
    "": 0.141575,
    "when": 0.0099875,
    "the": 0.028975,
    "war": 0.046975,
    "began": 0.040979166666666664,
    "turning": 0.034979166666666665,
    "in": 0.010991666666666667,
    "favour": 0.037979166666666675,
    "of": 0.006991666666666667,
    "allies": 0.05398333333333333,
    "commission": 0.043970833333333334,
    "was": 0.0199875,
    "able": 0.023983333333333336,
    "to": 0.011991666666666666,
    "begin": 0.030979166666666665,
    "restoring": 0.049966666666666666,
    "its": 0.0179875,
    "first": 0.03498333333333334,
    "world": 0.027983333333333332,
    "cemeteries": 0.0789625,
    "and": 0.007991666666666668,
    "memorials": 0.07496250000000002
}