{
    "": 0.16057916666666666,
    "for": 0.013991666666666666,
    "the": 0.017983333333333337,
    "next": 0.03398333333333333,
    "three": 0.0229875,
    "decades": 0.066975,
    "chad": 0.029987500000000004,
    "became": 0.034979166666666665,
    "embroiled": 0.05297083333333333,
    "in": 0.037983333333333334,
    "civil": 0.057958333333333334,
    "war": 0.074975,
    "and": 0.05495833333333334,
    "experienced": 0.06495416666666667,
    "invasions": 0.06096666666666667,
    "by": 0.038983333333333335,
    "libya": 0.04797916666666666,
    "upheavals": 0.053966666666666656,
    "sudanese": 0.1129625,
    "backed": 0.0409875,
    "rebels": 0.049975000000000006,
    "ended": 0.030975000000000003,
    "one-thousand-ninehundredninetyone": 0.10989166666666672,
    "although": 0.024483333333333336,
    "rebel": 0.026479166666666665,
    "threats": 0.042979166666666666,
    "had": 0.0149875,
    "persisted": 0.05496666666666667,
    "between": 0.039975000000000004,
    "then": 0.0279875,
    "two-thousand-eight": 0.08895833333333333
}