{
    "": 0.13158333333333333,
    "the": 0.028475,
    "tetrarchs": 0.05596666666666667,
    "of": 0.015983333333333336,
    "a": 0.005995833333333334,
    "squadron": 0.11543750000000001,
    "were": 0.0149875,
    "to": 0.02698333333333333,
    "play": 0.018987499999999997,
    "an": 0.010991666666666667,
    "integral": 0.04296666666666668,
    "part": 0.03198333333333333,
    "in": 0.022983333333333335,
    "this": 0.0199875,
    "reconnaissance": 0.06895833333333334,
    "role": 0.030987499999999998,
    "due": 0.018991666666666664,
    "their": 0.013987500000000003,
    "speed": 0.047983333333333336,
    "but": 0.012987500000000003,
    "s": 0.008995833333333333,
    "strength": 0.03197083333333334,
    "twenty": 0.03497916666666667,
    "tanks": 0.04847916666666668,
    "was": 0.013487500000000001,
    "severely": 0.049970833333333325,
    "depleted": 0.04896666666666667,
    "by": 0.012991666666666665,
    "time": 0.0319875,
    "it": 0.005995833333333334,
    "landed": 0.037975,
    "normandy": 0.04996666666666667
}