{
    "": 0.1311875,
    "the": 0.015983333333333336,
    "studio": 0.049975,
    "soon": 0.019987500000000002,
    "approached": 0.045974999999999995,
    "mendes": 0.051475,
    "with": 0.0144875,
    "a": 0.0029958333333333334,
    "deal": 0.033987500000000004,
    "to": 0.014991666666666667,
    "direct": 0.03798333333333333,
    "for": 0.013991666666666666,
    "minimum": 0.04297083333333334,
    "salary": 0.05597916666666667,
    "allowed": 0.03598333333333334,
    "under": 0.023983333333333336,
    "directors": 0.05597083333333334,
    "guild": 0.025983333333333334,
    "of": 0.009991666666666666,
    "america": 0.043970833333333334,
    "rules": 0.05298333333333334,
    "onehundredfifty": 0.2829333333333333,
    "zero": 0.04698333333333333
}