{
    "": 0.17117083333333333,
    "the": 0.006991666666666667,
    "genus": 0.04697916666666667,
    "was": 0.015487500000000001,
    "named": 0.02548333333333333,
    "for": 0.03298333333333334,
    "attalus": 0.05597083333333333,
    "iii": 0.011987500000000002,
    "philometor": 0.06396666666666667,
    "king": 0.0219875,
    "of": 0.007991666666666668,
    "pergamon": 0.05697083333333333,
    "known": 0.022987499999999998,
    "his": 0.010991666666666667,
    "interest": 0.04796666666666668,
    "in": 0.009991666666666668,
    "medicinal": 0.047962500000000005,
    "plants": 0.056975
}