{
    "": 0.12518333333333334,
    "several": 0.06195000000000002,
    "government": 0.08044166666666669,
    "agencies": 0.06747083333333333,
    "have": 0.0109875,
    "set": 0.022987499999999998,
    "up": 0.014991666666666665,
    "their": 0.011987500000000002,
    "headquarters": 0.06295833333333334,
    "in": 0.025983333333333334,
    "quezon": 0.044974999999999994,
    "city": 0.03498333333333333,
    "but": 0.0219875,
    "key": 0.015991666666666664,
    "offices": 0.05397499999999999,
    "still": 0.023983333333333332,
    "reside": 0.03997916666666668,
    "manila": 0.041975
}