{
    "": 0.18975833333333336,
    "two": 0.015991666666666668,
    "years": 0.03298333333333334,
    "later": 0.04198333333333334,
    "at": 0.03898333333333334,
    "wrestlemania": 0.06595833333333334,
    "xxx": 0.0799625,
    "lesnar": 0.03797916666666667,
    "defeated": 0.06397083333333334,
    "the": 0.01898333333333333,
    "undertaker": 0.0729625,
    "to": 0.02549166666666667,
    "end": 0.023491666666666668,
    "his": 0.028987500000000003,
    "undefeated": 0.0679625,
    "streak": 0.03497916666666666,
    "premier": 0.035975,
    "annual": 0.036975,
    "event": 0.03897916666666666
}