{
    "": 0.14258333333333334,
    "despite": 0.045975,
    "category": 0.05296666666666666,
    "four": 0.029987500000000004,
    "winds": 0.03197916666666667,
    "on": 0.012991666666666665,
    "spanish": 0.049475,
    "wells": 0.04348333333333333,
    "only": 0.025987499999999997,
    "five": 0.027987500000000002,
    "houses": 0.04547916666666667,
    "were": 0.011487500000000001,
    "destroyed": 0.05797083333333333,
    "although": 0.019983333333333332,
    "most": 0.031983333333333336,
    "of": 0.008991666666666669,
    "the": 0.006991666666666667,
    "remaining": 0.04697083333333334,
    "dwellings": 0.059470833333333334,
    "lost": 0.032483333333333336,
    "their": 0.0289875,
    "roofs": 0.03498333333333334
}