{
    "": 0.14317916666666666,
    "howard": 0.034983333333333325,
    "was": 0.013987500000000002,
    "also": 0.03398333333333333,
    "clutch": 0.031983333333333336,
    "in": 0.016983333333333336,
    "their": 0.011987500000000002,
    "next": 0.03598333333333333,
    "game": 0.0369875,
    "hitting": 0.02297916666666667,
    "a": 0.013987500000000002,
    "free": 0.026987500000000005,
    "throw": 0.0469875,
    "with": 0.011987500000000002,
    "less": 0.0329875,
    "than": 0.0199875,
    "one": 0.0209875,
    "second": 0.03647916666666666,
    "remaining": 0.04547083333333333,
    "to": 0.010991666666666667,
    "beat": 0.024987500000000003,
    "pitt": 0.0389875,
    "dramatic": 0.05296666666666666,
    "finish": 0.05597916666666667
}