{
    "": 0.12298333333333333,
    "the": 0.041966666666666666,
    "selectivity": 0.07495833333333334,
    "of": 0.015983333333333336,
    "some": 0.048975000000000005,
    "hydroxylations": 0.11094166666666665,
    "may": 0.015991666666666668,
    "be": 0.011991666666666666,
    "drastically": 0.0659625,
    "improved": 0.045970833333333336,
    "in": 0.05198333333333333,
    "cases": 0.06297916666666667,
    "with": 0.016987500000000003,
    "addition": 0.044975,
    "coordinating": 0.06495416666666667,
    "groups": 0.028979166666666667,
    "alpha": 0.042979166666666666,
    "to": 0.013991666666666666,
    "oxaziridine": 0.07695416666666667,
    "ring": 0.0319875,
    "as": 0.011991666666666668,
    "oxaziridines": 0.17795,
    "3b": 0.003995833333333334,
    "and": 0.012991666666666665,
    "3c": 0.014995833333333335,
    "table": 0.03697916666666667,
    "above": 0.04398333333333333
}