{
    "": 0.14858333333333335,
    "manila": 0.09545000000000001,
    "is": 0.013991666666666666,
    "also": 0.03398333333333334,
    "the": 0.035958333333333335,
    "site": 0.030987500000000005,
    "of": 0.019983333333333336,
    "philippine": 0.055970833333333324,
    "general": 0.034975,
    "hospital": 0.11993333333333335,
    "tertiary": 0.04397916666666667,
    "state": 0.05498333333333333,
    "owned": 0.054987499999999995,
    "administered": 0.06195833333333334,
    "and": 0.012991666666666667,
    "operated": 0.052970833333333335,
    "by": 0.010991666666666667,
    "university": 0.07395833333333333,
    "philippines": 0.06046666666666666
}