{
    "": 0.19476666666666664,
    "the": 0.014983333333333335,
    "new": 0.006991666666666667,
    "viii": 0.03597916666666667,
    "corps": 0.04198333333333334,
    "under": 0.016983333333333333,
    "overall": 0.043975,
    "command": 0.039975,
    "of": 0.029974999999999998,
    "\u00e9douard": 0.044975,
    "mortier": 0.057975000000000006,
    "included": 0.05096666666666666,
    "three": 0.027987500000000002,
    "infantry": 0.04696666666666667,
    "divisions": 0.06496666666666667,
    "and": 0.0109875,
    "a": 0.0029958333333333334,
    "division": 0.04197083333333333,
    "cavalry": 0.05797083333333334,
    "see": 0.02599166666666667,
    "order": 0.02698333333333333,
    "battle": 0.03297916666666667,
    "below": 0.044983333333333334
}