{
    "": 0.14058333333333334,
    "the": 0.027983333333333332,
    "iplayer": 0.08795833333333332,
    "version": 0.042979166666666666,
    "had": 0.016987500000000003,
    "one": 0.033987500000000004,
    "fourhundredsixtyseven": 0.21791250000000006,
    "twohundredtwenty": 0.16495000000000004,
    "views": 0.04898333333333333,
    "making": 0.026979166666666665,
    "it": 0.012991666666666665,
    "most": 0.029987499999999997,
    "popular": 0.04897083333333333,
    "tv": 0.039983333333333336,
    "show": 0.03099166666666667,
    "on": 0.014991666666666667,
    "over": 0.023983333333333336,
    "christmas": 0.06597499999999999
}