{
    "": 1415.75,
    "when": 99.875,
    "the": 289.74999999999994,
    "war": 469.74999999999994,
    "began": 409.7916666666667,
    "turning": 349.79166666666663,
    "in": 109.91666666666666,
    "favour": 379.79166666666663,
    "of": 69.91666666666667,
    "allies": 539.8333333333334,
    "commission": 439.70833333333326,
    "was": 199.875,
    "able": 239.83333333333337,
    "to": 119.91666666666666,
    "begin": 309.79166666666663,
    "restoring": 499.6666666666666,
    "its": 179.875,
    "first": 349.8333333333333,
    "world": 279.8333333333333,
    "cemeteries": 789.625,
    "and": 79.91666666666667,
    "memorials": 749.625
}