{
    "": 1425.8333333333335,
    "despite": 459.75,
    "category": 529.6666666666666,
    "four": 299.875,
    "winds": 319.79166666666663,
    "on": 129.91666666666666,
    "spanish": 494.75,
    "wells": 434.8333333333333,
    "only": 259.875,
    "five": 279.875,
    "houses": 454.79166666666663,
    "were": 114.875,
    "destroyed": 579.7083333333334,
    "although": 199.83333333333331,
    "most": 319.8333333333333,
    "of": 89.91666666666667,
    "the": 69.91666666666667,
    "remaining": 469.70833333333326,
    "dwellings": 594.7083333333334,
    "lost": 324.8333333333333,
    "their": 289.875,
    "roofs": 349.83333333333337
}