{
    "": 1315.8333333333335,
    "the": 284.75,
    "tetrarchs": 559.6666666666666,
    "of": 159.83333333333334,
    "a": 59.958333333333336,
    "squadron": 1154.3750000000002,
    "were": 149.875,
    "to": 269.8333333333333,
    "play": 189.875,
    "an": 109.91666666666667,
    "integral": 429.66666666666663,
    "part": 319.8333333333333,
    "in": 229.83333333333334,
    "this": 199.875,
    "reconnaissance": 689.5833333333334,
    "role": 309.875,
    "due": 189.91666666666666,
    "their": 139.875,
    "speed": 479.8333333333333,
    "but": 129.875,
    "s": 89.95833333333333,
    "strength": 319.7083333333333,
    "twenty": 349.7916666666667,
    "tanks": 484.79166666666663,
    "was": 134.875,
    "severely": 499.70833333333326,
    "depleted": 489.6666666666666,
    "by": 129.91666666666666,
    "time": 319.875,
    "it": 59.958333333333336,
    "landed": 379.75,
    "normandy": 499.66666666666663
}