{
    "": 1405.8333333333335,
    "the": 279.83333333333337,
    "iplayer": 879.5833333333335,
    "version": 429.79166666666663,
    "had": 169.875,
    "one": 339.875,
    "fourhundredsixtyseven": 2179.124999999999,
    "twohundredtwenty": 1649.4999999999998,
    "views": 489.8333333333333,
    "making": 269.7916666666667,
    "it": 129.91666666666666,
    "most": 299.875,
    "popular": 489.70833333333326,
    "tv": 399.83333333333337,
    "show": 309.9166666666667,
    "on": 149.91666666666666,
    "over": 239.83333333333331,
    "christmas": 659.75
}