{
    "": 1711.7083333333335,
    "the": 69.91666666666667,
    "genus": 469.79166666666663,
    "was": 154.875,
    "named": 254.83333333333334,
    "for": 329.8333333333333,
    "attalus": 559.7083333333333,
    "iii": 119.875,
    "philometor": 639.6666666666666,
    "king": 219.875,
    "of": 79.91666666666667,
    "pergamon": 569.7083333333333,
    "known": 229.875,
    "his": 109.91666666666667,
    "interest": 479.66666666666663,
    "in": 99.91666666666667,
    "medicinal": 479.62499999999994,
    "plants": 569.75
}