{
    "": 1431.7916666666667,
    "howard": 349.8333333333333,
    "was": 139.875,
    "also": 339.8333333333333,
    "clutch": 319.83333333333337,
    "in": 169.83333333333334,
    "their": 119.875,
    "next": 359.8333333333333,
    "game": 369.875,
    "hitting": 229.79166666666669,
    "a": 139.875,
    "free": 269.875,
    "throw": 469.875,
    "with": 119.875,
    "less": 329.875,
    "than": 199.875,
    "one": 209.875,
    "second": 364.79166666666663,
    "remaining": 454.70833333333326,
    "to": 109.91666666666666,
    "beat": 249.87500000000003,
    "pitt": 389.875,
    "dramatic": 529.6666666666666,
    "finish": 559.7916666666667
}