{
    "": 1897.583333333333,
    "two": 159.91666666666666,
    "years": 329.83333333333337,
    "later": 419.8333333333333,
    "at": 389.8333333333333,
    "wrestlemania": 659.5833333333334,
    "xxx": 799.625,
    "lesnar": 379.79166666666663,
    "defeated": 639.7083333333334,
    "the": 189.83333333333334,
    "undertaker": 729.6250000000001,
    "to": 254.91666666666669,
    "end": 234.91666666666666,
    "his": 289.875,
    "undefeated": 679.6250000000001,
    "streak": 349.79166666666663,
    "premier": 359.74999999999994,
    "annual": 369.74999999999994,
    "event": 389.79166666666663
}