{
    "": 1605.7916666666667,
    "for": 139.91666666666666,
    "the": 179.83333333333334,
    "next": 339.8333333333333,
    "three": 229.875,
    "decades": 669.7500000000001,
    "chad": 299.875,
    "became": 349.79166666666663,
    "embroiled": 529.7083333333334,
    "in": 379.8333333333333,
    "civil": 579.5833333333334,
    "war": 749.7500000000001,
    "and": 549.5833333333333,
    "experienced": 649.5416666666667,
    "invasions": 609.6666666666667,
    "by": 389.83333333333337,
    "libya": 479.7916666666667,
    "upheavals": 539.6666666666666,
    "sudanese": 1129.625,
    "backed": 409.875,
    "rebels": 499.75,
    "ended": 309.75,
    "one-thousand-ninehundredninetyone": 1098.916666666667,
    "although": 244.83333333333331,
    "rebel": 264.7916666666667,
    "threats": 429.79166666666663,
    "had": 149.875,
    "persisted": 549.6666666666666,
    "between": 399.75,
    "then": 279.875,
    "two-thousand-eight": 889.5833333333334
}