{
    "": 1251.8333333333335,
    "several": 619.5,
    "government": 804.4166666666669,
    "agencies": 674.7083333333334,
    "have": 109.875,
    "set": 229.875,
    "up": 149.91666666666666,
    "their": 119.875,
    "headquarters": 629.5833333333333,
    "in": 259.8333333333333,
    "quezon": 449.74999999999994,
    "city": 349.83333333333337,
    "but": 219.875,
    "key": 159.91666666666666,
    "offices": 539.75,
    "still": 239.83333333333331,
    "reside": 399.7916666666667,
    "manila": 419.74999999999994
}