{
    "": 1947.6666666666665,
    "the": 149.83333333333334,
    "new": 69.91666666666667,
    "viii": 359.79166666666663,
    "corps": 419.8333333333333,
    "under": 169.83333333333334,
    "overall": 439.74999999999994,
    "command": 399.75,
    "of": 299.75,
    "\u00e9douard": 449.74999999999994,
    "mortier": 579.75,
    "included": 509.6666666666666,
    "three": 279.875,
    "infantry": 469.66666666666663,
    "divisions": 649.6666666666666,
    "and": 109.875,
    "a": 29.958333333333332,
    "division": 419.70833333333326,
    "cavalry": 579.7083333333333,
    "see": 259.9166666666667,
    "order": 269.8333333333333,
    "battle": 329.7916666666667,
    "below": 449.83333333333337
}