{
    "": 1311.875,
    "the": 159.83333333333334,
    "studio": 499.75,
    "soon": 199.875,
    "approached": 459.74999999999994,
    "mendes": 514.75,
    "with": 144.875,
    "a": 29.958333333333332,
    "deal": 339.875,
    "to": 149.91666666666666,
    "direct": 379.8333333333333,
    "for": 139.91666666666666,
    "minimum": 429.7083333333333,
    "salary": 559.7916666666666,
    "allowed": 359.8333333333333,
    "under": 239.83333333333334,
    "directors": 559.7083333333333,
    "guild": 259.8333333333333,
    "of": 99.91666666666666,
    "america": 439.70833333333326,
    "rules": 529.8333333333334,
    "onehundredfifty": 2829.3333333333344,
    "zero": 469.83333333333337
}