{
    "": 1229.8333333333335,
    "the": 419.66666666666663,
    "selectivity": 749.5833333333334,
    "of": 159.83333333333334,
    "some": 489.75,
    "hydroxylations": 1109.4166666666667,
    "may": 159.91666666666666,
    "be": 119.91666666666666,
    "drastically": 659.625,
    "improved": 459.70833333333326,
    "in": 519.8333333333334,
    "cases": 629.7916666666667,
    "with": 169.875,
    "addition": 449.75,
    "coordinating": 649.5416666666667,
    "groups": 289.7916666666667,
    "alpha": 429.79166666666663,
    "to": 139.91666666666666,
    "oxaziridine": 769.5416666666667,
    "ring": 319.875,
    "as": 119.91666666666667,
    "oxaziridines": 1779.4999999999998,
    "3b": 39.958333333333336,
    "and": 129.91666666666666,
    "3c": 149.95833333333334,
    "table": 369.79166666666663,
    "above": 439.8333333333333
}