{
    "": 1603.875,
    "seeing": 309.875,
    "the": 394.66666666666663,
    "helicopters": 749.625,
    "on": 119.91666666666666,
    "morning": 329.74999999999994,
    "of": 59.916666666666664,
    "five": 99.875,
    "january": 554.6666666666666,
    "they": 314.9166666666667,
    "realized": 544.75,
    "americans": 634.625,
    "would": 124.875,
    "not": 209.91666666666669,
    "remain": 369.8333333333333,
    "in": 119.91666666666667,
    "city": 299.83333333333337,
    "much": 299.875,
    "longer": 439.79166666666663
}