{
    "": 1485.8333333333335,
    "manila": 954.5000000000002,
    "is": 139.91666666666666,
    "also": 339.8333333333333,
    "the": 359.5833333333333,
    "site": 309.875,
    "of": 199.83333333333334,
    "philippine": 559.7083333333333,
    "general": 349.74999999999994,
    "hospital": 1199.3333333333333,
    "tertiary": 439.79166666666663,
    "state": 549.8333333333334,
    "owned": 549.875,
    "administered": 619.5833333333334,
    "and": 129.91666666666666,
    "operated": 529.7083333333333,
    "by": 109.91666666666667,
    "university": 739.5833333333335,
    "philippines": 604.6666666666666
}